Date,Time,Product,ISIN,Reference exchange,Venue,Quantity,Price ,,Local value,,Value EUR,Exchange rate,AutoFX Fee,Transaction and/or third party fees EUR,Total EUR,Order ID,,
05-12-2025,15:30,NETFLIX INC. - COMMON,US64110L1061,NDQ,XNAS,15,98.7500,USD,"-1,481.25",USD,"-1,271.25",1.1652,-3.18,-2.00,"-1,273.25",,6e345f9d-5c11-409a-bde6-af1cdd5adcff,
04-12-2025,14:22,BANK OF IRELAND GROUP PLC,IE00BD1RP616,IRL,MESI,500,15.9250,EUR,"-7,962.50",EUR,"-7,962.50",,0.00,-3.00,"-7,965.50",,2d376069-9346-49c9-ac90-c9015977c4ff,
27-11-2025,15:50,PFIZER INC,US7170811035,TDG,XGAT,300,22.1350,EUR,"-6,640.50",EUR,"-6,640.50",,0.00,-3.90,"-6,644.40",,17a4daf5-7386-43ac-98a4-4c7a23d24ab4,
27-11-2025,15:45,WISDOMTREE MANAGEMENT LTD.,IE0002Y8CX98,XET,XETA,-550,28.6050,EUR,"15,732.75",EUR,"15,732.75",,0.00,-3.00,"15,729.75",,5f96efb1-329d-4508-b874-abdb66009578,
25-11-2025,15:45,ADVANCED MICRO DEVICES INC,US0079031078,TDG,XGAT,70,170.6000,EUR,"-11,942.00",EUR,"-11,942.00",,0.00,-3.90,"-11,945.90",,c60838ad-eccd-4059-82f9-45b2ef675ef5,
25-11-2025,15:30,GARTNER INC. COMMON S,US3666511072,NSY,XNYS,-51,230.2500,USD,"11,742.75",USD,"10,162.55",1.1555,-25.41,,"10,162.55",,37d2bcf9-5cfb-4413-b265-35276badc641,
25-11-2025,15:30,GARTNER INC. COMMON S,US3666511072,NSY,XNYS,-9,230.2500,USD,"2,072.25",USD,"1,793.39",1.1555,-4.48,-2.00,"1,791.39",,37d2bcf9-5cfb-4413-b265-35276badc641,
25-11-2025,14:12,ADVANCED MICRO DEVICES INC,US0079031078,TDG,XGAT,20,174.7800,EUR,"-3,495.60",EUR,"-3,495.60",,0.00,-3.90,"-3,499.50",,ea8222ed-131a-40ac-bcd8-fbddc78367d8,
25-11-2025,10:53,ADVANCED MICRO DEVICES INC,US0079031078,TDG,XGAT,50,180.5000,EUR,"-9,025.00",EUR,"-9,025.00",,0.00,-3.90,"-9,028.90",,83cb47f6-67bc-4c0e-bb73-018fdb9f2d0c,
25-11-2025,10:01,PFIZER INC,US7170811035,TDG,XGAT,-300,21.9000,EUR,"6,570.00",EUR,"6,570.00",,0.00,-3.90,"6,566.10",,d621158b-c87b-43a6-b330-869265a34149,
25-11-2025,09:47,NOVO NORDISK A/S,DK0062498333,TDG,XGAT,-120,38.7050,EUR,"4,644.60",EUR,"4,644.60",,0.00,-3.90,"4,640.70",,4fbcc662-1bd6-49b1-a31b-5f44fc7c38c3,
06-08-2025,15:49,GARTNER INC. COMMON S,US3666511072,NSY,ARCX,60,247.5600,USD,"-14,853.60",USD,"-12,777.37",1.1625,-31.94,-2.00,"-12,779.37",,39829395-2144-4056-ac54-02955ca66ca5,
06-08-2025,15:30,GARTNER INC. COMMON S,US3666511072,NSY,XNYS,-60,243.5000,USD,"14,610.00",USD,"12,567.82",1.1625,-31.42,-2.00,"12,565.82",,b7871c7d-c15b-496c-a539-5d0c1675d0d0,
06-06-2025,15:41,GARTNER INC. COMMON S,US3666511072,NSY,XNYS,25,422.0000,USD,"-10,550.00",USD,"-9,265.82",1.1386,-23.16,,"-9,265.82",,f8cbed75-b10e-4b8e-aeb2-5301897e41ee,
06-06-2025,15:41,GARTNER INC. COMMON S,US3666511072,NSY,XNYS,35,422.0000,USD,"-14,770.00",USD,"-12,972.15",1.1386,-32.43,-2.00,"-12,974.15",,f8cbed75-b10e-4b8e-aeb2-5301897e41ee,
04-04-2025,14:12,BOOST EURO STOXX BANKS 3X LEVERAGE DAILY,IE00BLS09N40,MIL,ETFP,164,16.0000,EUR,"-2,624.00",EUR,"-2,624.00",,0.00,,"-2,624.00",,e383b3f3-9161-431f-a80e-e32498d08881,
04-04-2025,14:11,BOOST EURO STOXX BANKS 3X LEVERAGE DAILY,IE00BLS09N40,MIL,ETFP,140,16.0000,EUR,"-2,240.00",EUR,"-2,240.00",,0.00,,"-2,240.00",,e383b3f3-9161-431f-a80e-e32498d08881,
04-04-2025,14:11,BOOST EURO STOXX BANKS 3X LEVERAGE DAILY,IE00BLS09N40,MIL,ETFP,140,16.0000,EUR,"-2,240.00",EUR,"-2,240.00",,0.00,,"-2,240.00",,e383b3f3-9161-431f-a80e-e32498d08881,
04-04-2025,14:11,BOOST EURO STOXX BANKS 3X LEVERAGE DAILY,IE00BLS09N40,MIL,ETFP,140,16.0000,EUR,"-2,240.00",EUR,"-2,240.00",,0.00,,"-2,240.00",,e383b3f3-9161-431f-a80e-e32498d08881,
04-04-2025,14:11,BOOST EURO STOXX BANKS 3X LEVERAGE DAILY,IE00BLS09N40,MIL,ETFP,140,16.0000,EUR,"-2,240.00",EUR,"-2,240.00",,0.00,,"-2,240.00",,e383b3f3-9161-431f-a80e-e32498d08881,
04-04-2025,14:11,BOOST EURO STOXX BANKS 3X LEVERAGE DAILY,IE00BLS09N40,MIL,ETFP,140,16.0000,EUR,"-2,240.00",EUR,"-2,240.00",,0.00,,"-2,240.00",,e383b3f3-9161-431f-a80e-e32498d08881,
04-04-2025,14:11,BOOST EURO STOXX BANKS 3X LEVERAGE DAILY,IE00BLS09N40,MIL,ETFP,140,16.0000,EUR,"-2,240.00",EUR,"-2,240.00",,0.00,,"-2,240.00",,e383b3f3-9161-431f-a80e-e32498d08881,
04-04-2025,14:11,BOOST EURO STOXX BANKS 3X LEVERAGE DAILY,IE00BLS09N40,MIL,ETFP,140,16.0000,EUR,"-2,240.00",EUR,"-2,240.00",,0.00,,"-2,240.00",,e383b3f3-9161-431f-a80e-e32498d08881,
04-04-2025,14:11,BOOST EURO STOXX BANKS 3X LEVERAGE DAILY,IE00BLS09N40,MIL,ETFP,140,16.0000,EUR,"-2,240.00",EUR,"-2,240.00",,0.00,,"-2,240.00",,e383b3f3-9161-431f-a80e-e32498d08881,
04-04-2025,14:11,BOOST EURO STOXX BANKS 3X LEVERAGE DAILY,IE00BLS09N40,MIL,ETFP,140,16.0000,EUR,"-2,240.00",EUR,"-2,240.00",,0.00,,"-2,240.00",,e383b3f3-9161-431f-a80e-e32498d08881,
04-04-2025,14:11,BOOST EURO STOXX BANKS 3X LEVERAGE DAILY,IE00BLS09N40,MIL,ETFP,104,16.0000,EUR,"-1,664.00",EUR,"-1,664.00",,0.00,,"-1,664.00",,e383b3f3-9161-431f-a80e-e32498d08881,
04-04-2025,14:11,BOOST EURO STOXX BANKS 3X LEVERAGE DAILY,IE00BLS09N40,MIL,ETFP,104,16.0000,EUR,"-1,664.00",EUR,"-1,664.00",,0.00,,"-1,664.00",,e383b3f3-9161-431f-a80e-e32498d08881,
04-04-2025,14:11,BOOST EURO STOXX BANKS 3X LEVERAGE DAILY,IE00BLS09N40,MIL,ETFP,104,16.0000,EUR,"-1,664.00",EUR,"-1,664.00",,0.00,,"-1,664.00",,e383b3f3-9161-431f-a80e-e32498d08881,
04-04-2025,14:11,BOOST EURO STOXX BANKS 3X LEVERAGE DAILY,IE00BLS09N40,MIL,ETFP,104,16.0000,EUR,"-1,664.00",EUR,"-1,664.00",,0.00,,"-1,664.00",,e383b3f3-9161-431f-a80e-e32498d08881,
04-04-2025,14:11,BOOST EURO STOXX BANKS 3X LEVERAGE DAILY,IE00BLS09N40,MIL,ETFP,104,16.0000,EUR,"-1,664.00",EUR,"-1,664.00",,0.00,,"-1,664.00",,e383b3f3-9161-431f-a80e-e32498d08881,
04-04-2025,14:11,BOOST EURO STOXX BANKS 3X LEVERAGE DAILY,IE00BLS09N40,MIL,ETFP,139,16.0000,EUR,"-2,224.00",EUR,"-2,224.00",,0.00,,"-2,224.00",,e383b3f3-9161-431f-a80e-e32498d08881,
04-04-2025,14:11,BOOST EURO STOXX BANKS 3X LEVERAGE DAILY,IE00BLS09N40,MIL,ETFP,139,16.0000,EUR,"-2,224.00",EUR,"-2,224.00",,0.00,,"-2,224.00",,e383b3f3-9161-431f-a80e-e32498d08881,
04-04-2025,14:11,BOOST EURO STOXX BANKS 3X LEVERAGE DAILY,IE00BLS09N40,MIL,ETFP,139,16.0000,EUR,"-2,224.00",EUR,"-2,224.00",,0.00,,"-2,224.00",,e383b3f3-9161-431f-a80e-e32498d08881,
04-04-2025,14:11,BOOST EURO STOXX BANKS 3X LEVERAGE DAILY,IE00BLS09N40,MIL,ETFP,139,16.0000,EUR,"-2,224.00",EUR,"-2,224.00",,0.00,-3.00,"-2,227.00",,e383b3f3-9161-431f-a80e-e32498d08881,
04-04-2025,14:05,ADVANCED MICRO DEVICES INC,US0079031078,TDG,XGAT,250,80.5000,EUR,"-20,125.00",EUR,"-20,125.00",,0.00,-3.90,"-20,128.90",,2ae77d65-506a-4ca1-9160-32ed81bacf0e,
04-04-2025,13:03,BOOST EURO STOXX BANKS 3X LEVERAGE DAILY,IE00BLS09N40,MIL,ETFP,"-1,060",15.3220,EUR,"16,241.32",EUR,"16,241.32",,0.00,,"16,241.32",,d8ad2b11-c3e8-4e79-aff8-aada1d18c858,
04-04-2025,13:03,BOOST EURO STOXX BANKS 3X LEVERAGE DAILY,IE00BLS09N40,MIL,ETFP,"-1,300",15.3240,EUR,"19,921.20",EUR,"19,921.20",,0.00,,"19,921.20",,d8ad2b11-c3e8-4e79-aff8-aada1d18c858,
04-04-2025,13:03,BOOST EURO STOXX BANKS 3X LEVERAGE DAILY,IE00BLS09N40,MIL,ETFP,-140,15.3240,EUR,"2,145.36",EUR,"2,145.36",,0.00,-3.00,"2,142.36",,d8ad2b11-c3e8-4e79-aff8-aada1d18c858,
04-04-2025,12:40,ADVANCED MICRO DEVICES INC,US0079031078,TDG,XGAT,-256,80.0700,EUR,"20,497.92",EUR,"20,497.92",,0.00,-3.90,"20,494.02",,db7b1c00-bd52-431b-acc8-578ae4ea23b1,
04-04-2025,09:32,NOVO NORDISK A/S,DK0062498333,TDG,XGAT,120,60.2500,EUR,"-7,230.00",EUR,"-7,230.00",,0.00,-3.90,"-7,233.90",,127883ad-80df-4196-98e3-c1f752af0706,
04-04-2025,09:32,NOVO NORDISK A/S,DK0062498333,TDG,XGAT,-120,60.2500,EUR,"7,230.00",EUR,"7,230.00",,0.00,-3.90,"7,226.10",,3ac2bd4f-5f06-422e-8d6f-ab52c7e66f73,
02-04-2025,16:34,NETFLIX INC,US64110L1061,TDG,XGAT,-11,867.2000,EUR,"9,539.20",EUR,"9,539.20",,0.00,-3.90,"9,535.30",,069609a1-6184-404f-ba46-a55a3307e92f,
02-04-2025,16:31,BOOST EURO STOXX BANKS 3X LEVERAGE DAILY,IE00BLS09N40,MIL,ETFP,"-2,500",24.7400,EUR,"61,850.00",EUR,"61,850.00",,0.00,-3.00,"61,847.00",,6365cf8b-e5ff-49a9-9b3c-0d68967d2bcc,
02-04-2025,16:29,BOOST EURO STOXX BANKS 3X LEVERAGE DAILY,IE00BLS09N40,MIL,ETFP,"-2,500",24.6600,EUR,"61,650.00",EUR,"61,650.00",,0.00,-3.00,"61,647.00",,23014b4f-7dfe-484a-9008-8f73aa0e29e9,
02-04-2025,11:09,BANK OF IRELAND GROUP PLC,IE00BD1RP616,IRL,MESI,-750,11.1000,EUR,"8,325.00",EUR,"8,325.00",,0.00,,"8,325.00",,fb668d4f-6ad6-4720-bdea-8b43bcee9776,
02-04-2025,11:09,BANK OF IRELAND GROUP PLC,IE00BD1RP616,IRL,XMSM,-750,11.1000,EUR,"8,325.00",EUR,"8,325.00",,0.00,-3.00,"8,322.00",,fb668d4f-6ad6-4720-bdea-8b43bcee9776,
28-03-2025,15:05,BOOST EURO STOXX BANKS 3X LEVERAGE DAILY,IE00BLS09N40,MIL,ETFP,"1,290",25.8500,EUR,"-33,346.50",EUR,"-33,346.50",,0.00,,"-33,346.50",,fc4ee675-65af-45df-aea8-5adf05e6270b,
28-03-2025,15:05,BOOST EURO STOXX BANKS 3X LEVERAGE DAILY,IE00BLS09N40,MIL,ETFP,110,25.8500,EUR,"-2,843.50",EUR,"-2,843.50",,0.00,,"-2,843.50",,fc4ee675-65af-45df-aea8-5adf05e6270b,
28-03-2025,15:05,BOOST EURO STOXX BANKS 3X LEVERAGE DAILY,IE00BLS09N40,MIL,ETFP,"1,100",25.8450,EUR,"-28,429.50",EUR,"-28,429.50",,0.00,-3.00,"-28,432.50",,fc4ee675-65af-45df-aea8-5adf05e6270b,
19-03-2025,13:28,WISDOMTREE MANAGEMENT LTD.,IE0002Y8CX98,XET,XETA,550,26.9600,EUR,"-14,828.00",EUR,"-14,828.00",,0.00,-3.00,"-14,831.00",,f1ef7c16-4a86-49f3-a3be-058fa1139ba1,
17-03-2025,14:46,BOOST EURO STOXX BANKS 3X LEVERAGE DAILY,IE00BLS09N40,MIL,ETFP,"-2,445",27.0000,EUR,"66,015.00",EUR,"66,015.00",,0.00,,"66,015.00",,e62e91e0-0655-4cdb-9af7-37bd8d6df879,
17-03-2025,14:46,BOOST EURO STOXX BANKS 3X LEVERAGE DAILY,IE00BLS09N40,MIL,ETFP,-75,27.0000,EUR,"2,025.00",EUR,"2,025.00",,0.00,,"2,025.00",,e62e91e0-0655-4cdb-9af7-37bd8d6df879,
17-03-2025,14:46,BOOST EURO STOXX BANKS 3X LEVERAGE DAILY,IE00BLS09N40,MIL,ETFP,-75,27.0000,EUR,"2,025.00",EUR,"2,025.00",,0.00,,"2,025.00",,e62e91e0-0655-4cdb-9af7-37bd8d6df879,
17-03-2025,14:46,BOOST EURO STOXX BANKS 3X LEVERAGE DAILY,IE00BLS09N40,MIL,ETFP,-75,27.0000,EUR,"2,025.00",EUR,"2,025.00",,0.00,,"2,025.00",,e62e91e0-0655-4cdb-9af7-37bd8d6df879,
17-03-2025,14:46,BOOST EURO STOXX BANKS 3X LEVERAGE DAILY,IE00BLS09N40,MIL,ETFP,-75,27.0000,EUR,"2,025.00",EUR,"2,025.00",,0.00,,"2,025.00",,e62e91e0-0655-4cdb-9af7-37bd8d6df879,
17-03-2025,14:46,BOOST EURO STOXX BANKS 3X LEVERAGE DAILY,IE00BLS09N40,MIL,ETFP,-550,27.0000,EUR,"14,850.00",EUR,"14,850.00",,0.00,-3.00,"14,847.00",,e62e91e0-0655-4cdb-9af7-37bd8d6df879,
07-03-2025,18:25,ADVANCED MICRO DEVICES INC,US0079031078,TDG,XGAT,6,89.7200,EUR,-538.32,EUR,-538.32,,0.00,-3.90,-542.22,,822bec8f-2e99-4fb0-a643-4089abce614a,
06-03-2025,20:55,ADVANCED MICRO DEVICES INC,US0079031078,TDG,XGAT,223,92.1200,EUR,"-20,542.76",EUR,"-20,542.76",,0.00,-3.90,"-20,546.66",,ead58e05-83f1-4247-a7e1-aef448b8bc97,
06-03-2025,20:54,AMAZON.COM INC,US0231351067,TDG,XGAT,-114,185.0600,EUR,"21,096.84",EUR,"21,096.84",,0.00,-3.90,"21,092.94",,69aad6ca-b546-4e81-8acd-d71886e0b2dc,
06-03-2025,20:52,ADVANCED MICRO DEVICES INC,US0079031078,TDG,XGAT,23,92.6100,EUR,"-2,130.03",EUR,"-2,130.03",,0.00,-3.90,"-2,133.93",,de0ca662-8f4d-4f84-b6f8-c9d7b4eeff63,
06-03-2025,20:40,INTEL CORP,US4581401001,TDG,XGAT,-114,19.1200,EUR,"2,179.68",EUR,"2,179.68",,0.00,-3.90,"2,175.78",,a9723031-4342-45aa-93af-18e760dcf622,
06-03-2025,20:17,ADVANCED MICRO DEVICES INC,US0079031078,TDG,XGAT,4,91.6100,EUR,-366.44,EUR,-366.44,,0.00,-3.90,-370.34,,f98b38d5-63a4-407e-a8dc-af4fd422f25b,
04-12-2024,16:48,INTEL CORP,US4581401001,TDG,XGAT,24,20.9350,EUR,-502.44,EUR,-502.44,,0.00,-3.90,-506.34,,b8826933-1556-4db7-add2-3a85d01d1674,
29-11-2024,15:22,INTEL CORP,US4581401001,TDG,XGAT,90,22.5200,EUR,"-2,026.80",EUR,"-2,026.80",,0.00,-3.90,"-2,030.70",,8d55d818-f281-49ca-bd82-37054297f701,
29-11-2024,15:11,INTEL CORP,US4581401001,TDG,XGAT,-90,22.5050,EUR,"2,025.45",EUR,"2,025.45",,0.00,-3.90,"2,021.55",,7488420c-7a76-44c8-97fe-e02888812522,
27-11-2024,17:04,RYANAIR HOLDINGS PLC,IE00BYTBXV33,TDG,XGAT,100,18.2150,EUR,"-1,821.50",EUR,"-1,821.50",,0.00,-3.90,"-1,825.40",,9c515768-8b0e-499b-a5be-2ac1f2d114e3,
27-11-2024,16:27,PFIZER INC,US7170811035,TDG,XGAT,300,24.5300,EUR,"-7,359.00",EUR,"-7,359.00",,0.00,-3.90,"-7,362.90",,f318de69-5b54-44d5-a2f0-bf641daf2abc,
27-11-2024,16:24,RYANAIR HOLDINGS PLC,IE00BYTBXV33,TDG,XGAT,-97,18.2150,EUR,"1,766.86",EUR,"1,766.86",,0.00,-3.90,"1,762.96",,a2c00602-46a1-4a82-a04e-f2c5a4f71f69,
27-11-2024,16:23,PFIZER INC,US7170811035,TDG,XGAT,-300,24.5400,EUR,"7,362.00",EUR,"7,362.00",,0.00,-3.90,"7,358.10",,d55a3f4f-b820-4cad-aff2-443628b0815d,
18-09-2024,21:27,INTEL CORP,US4581401001,TDG,XGAT,90,18.9000,EUR,"-1,701.00",EUR,"-1,701.00",,0.00,-3.90,"-1,704.90",,0cfb372a-6175-4e2f-9b45-3af83f9d6195,
15-07-2024,15:21,FLUTTER ENTERTAINMENT PLC,IE00BWT6H894,NSY,,68,0.0000,USD,0.00,USD,0.00,1.0840,0.00,,0.00,,,
15-07-2024,15:21,FLUTTER ENTERTAINMENT PLC,IE00BWT6H894,TDG,,-68,0.0000,EUR,0.00,EUR,0.00,,0.00,,0.00,,,
19-04-2024,16:13,RYANAIR HOLDINGS PLC,IE00BYTBXV33,TDG,XGAT,97,20.5000,EUR,"-1,988.50",EUR,"-1,988.50",,0.00,-3.90,"-1,992.40",,d74e33d4-223c-4584-979c-6561c5505cb7,
18-04-2024,20:32,ADR ON ALIBABA GROUP HOLDING,US01609W1027,TDG,XGAT,10,64.8000,EUR,-648.00,EUR,-648.00,,0.00,-3.90,-651.90,,1ae9b69d-b467-4a2a-af53-a81469c903c9,
07-12-2023,09:06,FLUTTER ENTERTAINMENT PLC,IE00BWT6H894,TDG,XGAT,68,150.6000,EUR,"-10,240.80",EUR,"-10,240.80",,0.00,-3.90,"-10,244.70",,682914d0-2c58-4bd8-a63d-e2b222ea67b6,
05-12-2023,08:54,PFIZER INC,US7170811035,TDG,XGAT,150,27.1500,EUR,"-4,072.50",EUR,"-4,072.50",,0.00,-3.90,"-4,076.40",,b2c6730f-cf0e-45b6-98f0-96c493019ca3,
05-12-2023,08:51,AMAZON.COM INC,US0231351067,TDG,XGAT,114,133.0000,EUR,"-15,162.00",EUR,"-15,162.00",,0.00,-3.90,"-15,165.90",,db3cdb1f-a803-481d-86d2-930352041300,
04-12-2023,21:24,AMAZON.COM INC,US0231351067,TDG,XGAT,-112,133.2000,EUR,"14,918.40",EUR,"14,918.40",,0.00,-3.90,"14,914.50",,27ef2156-f116-4854-9e55-57015da9501d,
04-12-2023,20:56,PFIZER INC,US7170811035,TDG,XGAT,150,27.1500,EUR,"-4,072.50",EUR,"-4,072.50",,0.00,-3.90,"-4,076.40",,eed47451-22c1-4eff-b290-4e37c3163b33,
04-12-2023,15:30,PFIZER INC. COMMON ST,US7170811035,NSY,XNYS,-140,29.1400,USD,"4,079.60",USD,"3,769.40",1.0823,-9.42,-2.00,"3,767.40",,0376edd7-7e98-482e-83bf-f2fc2b5dccf9,
04-12-2023,13:52,FLUTTER ENTERTAINMENT PLC,IE00BWT6H894,TDG,XGAT,-20,143.0500,EUR,"2,861.00",EUR,"2,861.00",,0.00,,"2,861.00",,c1912193-2bdb-4109-8779-a5e1e4ea44b5,
04-12-2023,13:52,FLUTTER ENTERTAINMENT PLC,IE00BWT6H894,TDG,XGAT,-40,143.0500,EUR,"5,722.00",EUR,"5,722.00",,0.00,,"5,722.00",,c1912193-2bdb-4109-8779-a5e1e4ea44b5,
04-12-2023,13:50,FLUTTER ENTERTAINMENT PLC,IE00BWT6H894,TDG,XGAT,-40,143.0500,EUR,"5,722.00",EUR,"5,722.00",,0.00,-3.90,"5,718.10",,c1912193-2bdb-4109-8779-a5e1e4ea44b5,
13-09-2023,00:00,NOVO NORDISK A/S,DK0062498333,TDG,,120,92.5000,EUR,"-11,100.00",EUR,"-11,100.00",,0.00,,"-11,100.00",,,
13-09-2023,00:00,NOVO NORDISK A/S,DK0060534915,TDG,,-60,185.0000,EUR,"11,100.00",EUR,"11,100.00",,0.00,,"11,100.00",,,
09-08-2023,16:02,FLUTTER ENTERTAINMENT PLC,IE00BWT6H894,TDG,XGAT,18,167.6000,EUR,"-3,016.80",EUR,"-3,016.80",,0.00,,"-3,016.80",,83b52fc7-524d-4647-a549-4fd88c7a9564,
09-08-2023,16:02,FLUTTER ENTERTAINMENT PLC,IE00BWT6H894,TDG,XGAT,40,167.6000,EUR,"-6,704.00",EUR,"-6,704.00",,0.00,-3.90,"-6,707.90",,83b52fc7-524d-4647-a549-4fd88c7a9564,
08-08-2023,17:20,NOVO NORDISK A/S,DK0060534915,TDG,XGAT,60,172.9000,EUR,"-10,374.00",EUR,"-10,374.00",,0.00,-3.90,"-10,377.90",,9083f454-ddcd-4668-b219-d6f0f14378ae,
07-08-2023,09:00,BT GROUP,GB0030913577,LSE,XLON,"7,500",113.6000,GBX,"-852,000.00",GBX,"-9,873.66",86.2902,-24.68,-4.90,"-9,878.56",,ee2a68ed-0f3f-4a9c-a511-f433a60f4a09,
01-06-2023,13:31,FLUTTER ENTERTAINMENT PLC,IE00BWT6H894,TDG,XGAT,27,184.1000,EUR,"-4,970.70",EUR,"-4,970.70",,0.00,-3.90,"-4,974.60",,1f4da681-0b36-4fb6-8aff-dab33f70d3bb,
22-03-2023,08:47,FLUTTER ENTERTAINMENT PLC,IE00BWT6H894,TDG,XGAT,12,163.5000,EUR,"-1,962.00",EUR,"-1,962.00",,0.00,-3.90,"-1,965.90",,3e8666b2-3dcd-4c35-bfd4-4a6e605b9b07,
20-03-2023,08:00,FLUTTER ENTERTAINMENT PLC,IE00BWT6H894,TDG,XGAT,3,153.8500,EUR,-461.55,EUR,-461.55,,0.00,-3.90,-465.45,,3aa458a5-035d-486c-a6c8-d61818d411fb,
18-01-2023,19:16,AMAZON.COM INC,US0231351067,TDG,XGAT,112,88.7500,EUR,"-9,940.00",EUR,"-9,940.00",,0.00,-3.90,"-9,943.90",,5eed55bc-d27e-4021-957f-ec1aab8673a4,
19-12-2022,09:23,BT GROUP,GB0030913577,LSE,XLON,"2,000",113.0000,GBX,"-226,000.00",GBX,"-2,592.94",87.1596,-6.48,-4.90,"-2,597.84",,c2b3a4f6-0dfc-4703-b58c-dbab02cd3fe7,
08-11-2022,10:26,BT GROUP,GB0030913577,LSE,XLON,"2,191",116.1000,GBX,"-254,375.10",GBX,"-2,921.50",87.0701,-7.30,-4.90,"-2,926.40",,00642ffa-7488-4dd7-a644-ed6428511b98,
08-11-2022,09:24,FD TECHNOLOGIES PLC,GB0031477770,LSE,AIMX,-200,"1,466.0000",GBX,"293,200.00",GBX,"3,363.94",87.1596,-8.41,-4.90,"3,359.04",,471030ae-30d2-4716-9c4e-ac5bbb74d90b,
07-11-2022,18:08,ADR ON ALIBABA GROUP HOLDING,US01609W1027,NSY,CDED,-12,69.0800,USD,828.96,USD,827.64,1.0016,-2.07,-1.00,826.64,,0b81de52-3659-49c6-b323-0a327cf31667,
07-11-2022,18:05,HYZON MOTORS INC,US44951Y1029,NDQ,CDED,-100,1.7300,USD,173.00,USD,173.00,1.0000,-0.43,,173.00,,617c6b47-2891-4446-b63e-9b32da82bbc2,
07-11-2022,18:05,HYZON MOTORS INC,US44951Y1029,NDQ,CDED,-100,1.7300,USD,173.00,USD,173.00,1.0000,-0.43,,173.00,,617c6b47-2891-4446-b63e-9b32da82bbc2,
07-11-2022,18:05,HYZON MOTORS INC,US44951Y1029,NDQ,CDED,-100,1.7300,USD,173.00,USD,173.00,1.0000,-0.43,,173.00,,617c6b47-2891-4446-b63e-9b32da82bbc2,
07-11-2022,18:05,HYZON MOTORS INC,US44951Y1029,NDQ,CDED,-100,1.7300,USD,173.00,USD,173.00,1.0000,-0.43,,173.00,,617c6b47-2891-4446-b63e-9b32da82bbc2,
07-11-2022,18:05,HYZON MOTORS INC,US44951Y1029,NDQ,CDED,-91,1.7300,USD,157.43,USD,157.43,1.0000,-0.39,,157.43,,617c6b47-2891-4446-b63e-9b32da82bbc2,
07-11-2022,18:05,HYZON MOTORS INC,US44951Y1029,NDQ,CDED,-100,1.7300,USD,173.00,USD,173.00,1.0000,-0.43,,173.00,,617c6b47-2891-4446-b63e-9b32da82bbc2,
07-11-2022,18:05,HYZON MOTORS INC,US44951Y1029,NDQ,CDED,-78,1.7300,USD,134.94,USD,134.94,1.0000,-0.34,,134.94,,617c6b47-2891-4446-b63e-9b32da82bbc2,
07-11-2022,18:05,HYZON MOTORS INC,US44951Y1029,NDQ,CDED,-200,1.7300,USD,346.00,USD,346.00,1.0000,-0.87,-1.00,345.00,,617c6b47-2891-4446-b63e-9b32da82bbc2,
13-10-2022,09:00,BT GROUP,GB0030913577,LSE,XLON,800,119.0000,GBX,"-95,200.00",GBX,"-1,086.52",87.6194,-2.72,-4.90,"-1,091.42",,96e29893-7b41-4876-8693-1a89132dab13,
03-10-2022,15:33,BT GROUP,GB0030913577,LSE,MESI,9,126.4000,GBX,"-1,137.60",GBX,-13.08,86.9694,-0.03,-4.90,-17.98,,0c0f34a8-7524-405a-9b65-9c5cbdc97164,
19-08-2022,17:46,ROBINHOOD MARKETS INC,US7707001027,NDQ,ARCX,-16,9.3200,USD,149.12,USD,148.44,1.0046,-0.37,,148.44,,8d06e5e6-18ce-406c-ae56-a2434fe767d6,
19-08-2022,17:38,ROBINHOOD MARKETS INC,US7707001027,NDQ,ARCX,-4,9.3200,USD,37.28,USD,37.11,1.0046,-0.09,-0.50,36.61,,8d06e5e6-18ce-406c-ae56-a2434fe767d6,
18-08-2022,09:09,BOOST EURO STOXX BANKS 3X LEVERAGE DAILY,IE00BLS09N40,MIL,ETFP,295,2.9200,EUR,-861.40,EUR,-861.40,,0.00,-2.50,-863.90,,dbb8b606-cdd4-486f-a535-4fc96d06db2c,
17-08-2022,12:03,BOOST EURO STOXX BANKS 3X LEVERAGE DAILY,IE00BLS09N40,MIL,ETFP,100,3.0425,EUR,-304.25,EUR,-304.25,,0.00,-2.50,-306.75,,8f245c9f-3cd1-4c23-8fe7-fc024d96ae00,
16-08-2022,11:36,BOOST EURO STOXX BANKS 3X LEVERAGE DAILY,IE00BLS09N40,MIL,ETFP,"7,900",3.0880,EUR,"-24,395.20",EUR,"-24,395.20",,0.00,-2.50,"-24,397.70",,b65acf7d-d1d5-439c-a603-022193ba2c68,
16-08-2022,09:50,BOOST EURO STOXX BANKS 3X LEVERAGE DAILY,IE00BLS09N40,MIL,ETFP,"-7,492",3.0620,EUR,"22,940.50",EUR,"22,940.50",,0.00,,"22,940.50",,9218fb9c-7787-4a79-8a9b-d4bf752ace1d,
16-08-2022,09:50,BOOST EURO STOXX BANKS 3X LEVERAGE DAILY,IE00BLS09N40,MIL,ETFP,-115,3.0620,EUR,352.13,EUR,352.13,,0.00,,352.13,,9218fb9c-7787-4a79-8a9b-d4bf752ace1d,
16-08-2022,09:50,BOOST EURO STOXX BANKS 3X LEVERAGE DAILY,IE00BLS09N40,MIL,ETFP,-400,3.0620,EUR,"1,224.80",EUR,"1,224.80",,0.00,-2.50,"1,222.30",,9218fb9c-7787-4a79-8a9b-d4bf752ace1d,
30-06-2022,09:21,HIBERNIA REIT PLC,IE00BGHQ1986,IRL,,"-43,000",0.0000,EUR,0.00,EUR,0.00,,0.00,,0.00,,,
03-05-2022,10:33,NETFLIX INC,US64110L1061,TDG,XGAT,7,190.4400,EUR,"-1,333.08",EUR,"-1,333.08",,0.00,-3.90,"-1,336.98",,a9349b10-bf99-4c82-9ee1-da428739bd29,
03-05-2022,09:40,BEAZLEY PLC/UK,GB00BYQ0JC66,LSE,XLON,-270,435.0000,GBX,"117,450.00",GBX,"1,399.05",83.9497,-3.50,-4.40,"1,394.65",,07493b72-4072-4987-beb8-12dfa3ae8c0e,
02-05-2022,13:56,NETFLIX INC,US64110L1061,TDG,XGAT,4,180.5000,EUR,-722.00,EUR,-722.00,,0.00,-3.90,-725.90,,7580e67c-127a-487f-bd0d-e056cdd893e9,
02-03-2022,16:12,HYZON MOTORS INC,US44951Y1029,NDQ,CDED,-131,5.4600,USD,715.26,USD,644.91,1.1091,-1.61,-0.50,644.41,,e2af3e22-e5cf-4ca9-8222-f236057c8b53,
28-02-2022,14:18,BOOST EURO STOXX BANKS 3X LEVERAGE DAILY,IE00BLS09N40,MIL,ETFP,200,4.4180,EUR,-883.60,EUR,-883.60,,0.00,-2.50,-886.10,,8351674e-4ade-4bee-93aa-ee2781a8c6b0,
22-11-2021,15:31,ADR ON ALIBABA GROUP HOLDING,US01609W1027,NSY,XNYS,12,140.0000,USD,"-1,680.00",USD,"-1,494.40",1.1242,-1.49,,"-1,494.40",,7e848cb6-9238-42d3-a4d3-6206106cdb48,
10-11-2021,10:10,BOOST EURO STOXX BANKS 3X LEVERAGE DAILY,IE00BLS09N40,MIL,MTAA,"2,000",6.7380,EUR,"-13,476.00",EUR,"-13,476.00",,0.00,-6.04,"-13,482.04",,597b1245-1928-4f4e-af8e-e841019fdc29,
05-11-2021,20:36,HYZON MOTORS INC,US44951Y1029,NDQ,CDED,"1,000",5.7500,USD,"-5,750.00",USD,"-4,972.33",1.1564,-4.97,-3.96,"-4,976.29",,98df6af9-a080-41cd-b923-80c1db16ab3b,
05-08-2021,20:40,ROBINHOOD MARKETS INC,US7707001027,NDQ,CDED,20,57.9600,USD,"-1,159.20",USD,-979.30,1.1837,-0.98,-0.57,-979.87,,58e51b80-b9a7-4c85-b822-282ad325453d,
15-06-2021,09:05,BOOST EURO STOXX BANKS 3X LEVERAGE DAILY,IE00BLS09N40,MIL,MTAA,862,5.9100,EUR,"-5,094.42",EUR,"-5,094.42",,0.00,-3.53,"-5,097.95",,ed685139-3102-4cc0-92d8-93850b0c39b4,
19-05-2021,15:14,BOOST EURO STOXX BANKS 3X LEVERAGE DAILY,IE00BLS09N40,MIL,MTAA,945,5.2910,EUR,"-5,000.00",EUR,"-5,000.00",,0.00,-3.50,"-5,003.50",,1d587065-472c-41a4-81ad-5500a2574607,
16-04-2021,12:12,BOOST EURO STOXX BANKS 3X LEVERAGE DAILY,IE00BLS09N40,MIL,MTAA,800,4.1745,EUR,"-3,339.60",EUR,"-3,339.60",,0.00,-3.00,"-3,342.60",,ab9a2b23-57f8-4835-85ac-8a724b62b2fc,
07-04-2021,14:15,BANK OF IRELAND GROUP PLC,IE00BD1RP616,IRL,XMSM,765,4.2160,EUR,"-3,225.24",EUR,"-3,225.24",,0.00,-3.61,"-3,228.85",,b1acfd79-b507-44fc-a4e0-1052f458734f,
11-03-2021,09:00,BANK OF IRELAND GROUP PLC,IE00BD1RP616,IRL,XMSM,30,3.8360,EUR,-115.08,EUR,-115.08,,0.00,-2.06,-117.14,,35176b0d-9938-408c-a7b8-2051227b1ba5,
03-03-2021,10:50,BOOST EURO STOXX BANKS 3X LEVERAGE DAILY,IE00BLS09N40,MIL,MTAA,800,4.1295,EUR,"-3,303.60",EUR,"-3,303.60",,0.00,-2.99,"-3,306.59",,5204dca5-2c98-434d-bf9b-e99f6f754e49,
09-02-2021,09:04,BOOST EURO STOXX BANKS 3X LEVERAGE DAILY,IE00BLS09N40,MIL,MTAA,"2,400",3.0175,EUR,"-7,242.00",EUR,"-7,242.00",,0.00,-4.17,"-7,246.17",,42a218f7-6a7b-487e-82b2-1da9b536bf3c,
17-11-2020,00:00,VIATRIS INC. - COMMON STOCK,US92556V1061,NDQ,,17,0.0000,USD,0.00,USD,0.00,1.1718,0.00,,0.00,,,
16-11-2020,11:44,BEAZLEY PLC/UK,GB00BYQ0JC66,LSE,XLON,270,378.0000,GBX,"-102,060.00",GBX,"-1,136.02",89.8400,-1.14,-4.57,"-1,140.59",,8e58cc74-7587-48f0-b8de-7224a98caa85,
16-11-2020,11:40,ALSTRIA OFFICE REIT AG,DE000A0LD2U1,XET,XETA,-75,13.7000,EUR,"1,027.50",EUR,"1,027.50",,0.00,-4.51,"1,022.99",,1f157ccb-a987-4b0b-a2b3-2fa9725e76c3,
09-11-2020,16:50,PFIZER INC. COMMON ST,US7170811035,NSY,CDED,48,39.2600,USD,"-1,884.48",USD,"-1,594.86",1.1816,-1.59,-0.16,"-1,595.02",,382fea38-4ec4-4899-b155-718dca1b3bf7,
09-11-2020,16:50,PFIZER INC. COMMON ST,US7170811035,NSY,CDED,92,39.2550,USD,"-3,611.46",USD,"-3,056.42",1.1816,-3.06,-0.81,"-3,057.23",,382fea38-4ec4-4899-b155-718dca1b3bf7,
18-09-2020,08:22,WT ISEQ20 ETF E,IE00BVFB1H83,LSE,,-875,0.0000,EUR,0.00,EUR,0.00,,0.00,,0.00,,,
13-08-2020,11:58,BANK OF IRELAND GROUP PLC,IE00BD1RP616,IRL,,5,1.9880,EUR,-9.94,EUR,-9.94,,0.00,-2.00,-11.94,,6ecb43ca-d35f-4667-af06-33a598990abf,
13-08-2020,10:57,ALSTRIA OFFICE REIT AG,DE000A0LD2U1,XET,XETU,75,12.8400,EUR,-963.00,EUR,-963.00,,0.00,-4.48,-967.48,,7c471bf2-454b-4a9d-9f9b-c95e79bc22f0,
05-06-2020,11:43,WT ISEQ20 ETF E,IE00BVFB1H83,LSE,XLON,315,13.3560,EUR,"-4,207.14",EUR,"-4,207.14",,0.00,-3.26,"-4,210.40",,52faed21-c409-4df6-977a-4517dab850ab,
03-06-2020,09:17,FD TECHNOLOGIES PLC,GB0031477770,LSE,MSSI,186,"2,760.0000",GBX,"-513,360.00",GBX,"-5,768.73",88.9901,-5.77,-6.89,"-5,775.62",,3e2fb3c2-d827-42f7-b6e7-979038ca5c25,
02-06-2020,09:00,FD TECHNOLOGIES PLC,GB0031477770,LSE,AIMX,1,"2,630.0000",GBX,"-2,630.00",GBX,-29.64,88.7209,-0.03,-4.01,-33.65,,af4060b3-4a4a-42ff-b2d8-540d37f2abb8,
01-05-2020,16:11,FD TECHNOLOGIES PLC,GB0031477770,LSE,AIMX,13,"2,470.0000",GBX,"-32,110.00",GBX,-366.13,87.7001,-0.37,-4.18,-370.31,,2fef5db6-d257-4984-ba3e-96f0ec725268,
07-04-2020,12:50,HIBERNIA REIT PLC,IE00BGHQ1986,IRL,XMSM,185,1.0580,EUR,-195.73,EUR,-195.73,,0.00,-0.10,-195.83,,6743ac6b-6966-4a6f-ab9b-f9928f754216,
07-04-2020,12:50,HIBERNIA REIT PLC,IE00BGHQ1986,IRL,XMSM,"5,600",1.0580,EUR,"-5,924.80",EUR,"-5,924.80",,0.00,-2.96,"-5,927.76",,6743ac6b-6966-4a6f-ab9b-f9928f754216,
07-04-2020,12:50,HIBERNIA REIT PLC,IE00BGHQ1986,IRL,XMSM,"2,515",1.0560,EUR,"-2,655.84",EUR,"-2,655.84",,0.00,-1.33,"-2,657.17",,6743ac6b-6966-4a6f-ab9b-f9928f754216,
07-04-2020,12:50,HIBERNIA REIT PLC,IE00BGHQ1986,IRL,AQXE,700,1.0560,EUR,-739.20,EUR,-739.20,,0.00,-2.37,-741.57,,6743ac6b-6966-4a6f-ab9b-f9928f754216,
27-03-2020,09:15,WT ISEQ20 ETF E,IE00BVFB1H83,LSE,XLON,60,10.5740,EUR,-634.44,EUR,-634.44,,0.00,-2.19,-636.63,,66a5d825-aaf6-4996-9eb1-1e2cd010e9ab,
27-03-2020,09:14,HIBERNIA REIT PLC,IE00BGHQ1986,IRL,XMSM,37,0.9320,EUR,-34.48,EUR,-34.48,,0.00,-0.02,-34.50,,0a38b62b-d68a-4453-abc5-ff37af45701a,
27-03-2020,09:14,HIBERNIA REIT PLC,IE00BGHQ1986,IRL,XMSM,"1,126",0.9310,EUR,"-1,048.31",EUR,"-1,048.31",,0.00,-0.52,"-1,048.83",,0a38b62b-d68a-4453-abc5-ff37af45701a,
27-03-2020,09:14,HIBERNIA REIT PLC,IE00BGHQ1986,IRL,XMSM,700,0.9300,EUR,-651.00,EUR,-651.00,,0.00,-0.33,-651.33,,0a38b62b-d68a-4453-abc5-ff37af45701a,
27-03-2020,09:14,HIBERNIA REIT PLC,IE00BGHQ1986,IRL,XMSM,397,0.9290,EUR,-368.81,EUR,-368.81,,0.00,-0.18,-368.99,,0a38b62b-d68a-4453-abc5-ff37af45701a,
27-03-2020,09:14,HIBERNIA REIT PLC,IE00BGHQ1986,IRL,XMSM,"1,125",0.9290,EUR,"-1,045.13",EUR,"-1,045.13",,0.00,-0.52,"-1,045.65",,0a38b62b-d68a-4453-abc5-ff37af45701a,
27-03-2020,09:14,HIBERNIA REIT PLC,IE00BGHQ1986,IRL,XLON,"5,915",0.9290,EUR,"-5,495.04",EUR,"-5,495.04",,0.00,-2.75,"-5,497.79",,0a38b62b-d68a-4453-abc5-ff37af45701a,
27-03-2020,09:14,HIBERNIA REIT PLC,IE00BGHQ1986,IRL,AQXE,700,0.9290,EUR,-650.30,EUR,-650.30,,0.00,-2.33,-652.63,,0a38b62b-d68a-4453-abc5-ff37af45701a,
25-03-2020,10:45,BANK OF IRELAND GROUP PLC,IE00BD1RP616,IRL,XMSM,200,1.9380,EUR,-387.60,EUR,-387.60,,0.00,-2.19,-389.79,,45ab7419-d7fc-4789-936d-7c22b115e98f,
25-03-2020,10:44,HIBERNIA REIT PLC,IE00BGHQ1986,IRL,XMSM,"4,541",0.9030,EUR,"-4,100.52",EUR,"-4,100.52",,0.00,-2.05,"-4,102.57",,4fed0458-70a3-4140-9bd8-5588116a1193,
25-03-2020,10:44,HIBERNIA REIT PLC,IE00BGHQ1986,IRL,XMSM,"6,459",0.9030,EUR,"-5,832.48",EUR,"-5,832.48",,0.00,-4.92,"-5,837.40",,4fed0458-70a3-4140-9bd8-5588116a1193,
18-03-2020,09:00,HIBERNIA REIT PLC,IE00BGHQ1986,IRL,XMSM,299,0.8400,EUR,-251.16,EUR,-251.16,,0.00,-0.13,-251.29,,f7827a78-bcf9-474d-94c4-cb5a0cbe6c6d,
18-03-2020,09:00,HIBERNIA REIT PLC,IE00BGHQ1986,IRL,XMSM,"7,357",0.8400,EUR,"-6,179.88",EUR,"-6,179.88",,0.00,-3.09,"-6,182.97",,f7827a78-bcf9-474d-94c4-cb5a0cbe6c6d,
18-03-2020,09:00,HIBERNIA REIT PLC,IE00BGHQ1986,IRL,XMSM,"1,865",0.8400,EUR,"-1,566.60",EUR,"-1,566.60",,0.00,-0.78,"-1,567.38",,f7827a78-bcf9-474d-94c4-cb5a0cbe6c6d,
18-03-2020,09:00,HIBERNIA REIT PLC,IE00BGHQ1986,IRL,XMSM,349,0.8400,EUR,-293.16,EUR,-293.16,,0.00,-0.15,-293.31,,f7827a78-bcf9-474d-94c4-cb5a0cbe6c6d,
18-03-2020,09:00,HIBERNIA REIT PLC,IE00BGHQ1986,IRL,XMSM,"2,130",0.8400,EUR,"-1,789.20",EUR,"-1,789.20",,0.00,-2.89,"-1,792.09",,f7827a78-bcf9-474d-94c4-cb5a0cbe6c6d,
11-03-2020,12:47,WT ISEQ20 ETF E,IE00BVFB1H83,LSE,XLON,200,11.7800,EUR,"-2,356.00",EUR,"-2,356.00",,0.00,-2.71,"-2,358.71",,43d30b5b-2300-4f90-9beb-d0e20947144f,
11-03-2020,11:52,HIBERNIA REIT PLC,IE00BGHQ1986,IRL,XMSM,124,1.1500,EUR,-142.60,EUR,-142.60,,0.00,-0.07,-142.67,,2303d84c-164f-417c-94eb-85654cf30216,
11-03-2020,11:52,HIBERNIA REIT PLC,IE00BGHQ1986,IRL,XMSM,376,1.1500,EUR,-432.40,EUR,-432.40,,0.00,-2.22,-434.62,,2303d84c-164f-417c-94eb-85654cf30216,
11-03-2020,11:50,BANK OF IRELAND GROUP PLC,IE00BD1RP616,IRL,XMSM,100,2.8320,EUR,-283.20,EUR,-283.20,,0.00,-2.14,-285.34,,49ceed6f-ab2c-4778-a851-d23670d5515e,
04-03-2020,09:01,WT ISEQ20 ETF E,IE00BVFB1H83,LSE,XLON,280,13.3000,EUR,"-3,724.00",EUR,"-3,724.00",,0.00,-3.12,"-3,727.12",,0ffbf84e-687b-434a-bc87-0d609d5c195a,
03-03-2020,17:30,BANK OF IRELAND GROUP PLC,IE00BD1RP616,IRL,XMSM,353,3.1960,EUR,"-1,128.19",EUR,"-1,128.19",,0.00,-2.56,"-1,130.75",,546b7969-ff66-47d9-9c92-9ea0030bda34,
03-03-2020,15:32,GARTNER INC. COMMON S,US3666511072,NSY,XNYS,1,129.5000,USD,-129.50,USD,-116.46,1.1120,-0.12,-0.50,-116.96,,31eb9fb1-57a9-4b96-ad57-7d843d58d7ce,
27-02-2020,09:27,BANK OF IRELAND GROUP PLC,IE00BD1RP616,IRL,MSSI,37,3.4900,EUR,-129.13,EUR,-129.13,,0.00,-2.06,-131.19,,294b9ee8-b912-4b55-bada-8d9f4e371923,
27-02-2020,09:24,WT ISEQ20 ETF E,IE00BVFB1H83,LSE,XLON,17,13.5200,EUR,-229.84,EUR,-229.84,,0.00,-2.07,-231.91,,a48de142-90e3-44d7-8a29-e802d83b63e4,
27-02-2020,09:23,HIBERNIA REIT PLC,IE00BGHQ1986,IRL,MSSI,500,1.2680,EUR,-634.00,EUR,-634.00,,0.00,-2.32,-636.32,,093467dc-467e-4cf6-bf1d-f4961244ef75,
10-02-2020,09:00,WT ISEQ20 ETF E,IE00BVFB1H83,LSE,XLON,3,14.5500,EUR,-43.65,EUR,-43.65,,0.00,-2.01,-45.66,,d1810534-15f3-49d9-9309-6d18591b0c46,
10-02-2020,09:00,BANK OF IRELAND GROUP PLC,IE00BD1RP616,IRL,XMSM,10,4.0500,EUR,-40.50,EUR,-40.50,,0.00,-2.02,-42.52,,83068d7d-bb51-4255-ae30-bcff02253469,
